,author,datestr,first_commit,total_commits
0,Kirill,201803,2018-03-02 08:32:42,2
1,Alexander-N,201803,2018-03-01 23:33:05,1
2,Adam Richie-Halford,201803,2018-03-01 14:27:26,1
3,Jan Schlüter,201803,2018-03-01 02:03:19,1
4,Will Rosenfeld,201802,2018-02-28 02:41:58,1
5,Saurabh Gupta,201802,2018-02-27 03:30:38,1
6,Trishnendu Ghorai,201802,2018-02-26 17:48:27,1
7,Danielle Shwed,201802,2018-02-26 17:25:20,1
8,Mohamed Ali Jamaoui,201802,2018-02-26 13:21:17,2
9,Chady Kamar,201802,2018-02-24 13:42:44,1
10,Antonio Quinonez,201802,2018-02-22 00:15:26,1
11,Saqib Nizam Shamsi,201802,2018-02-18 20:36:28,1
12,Luke Persola,201802,2018-02-14 12:44:58,1
13,Daniel Klevebring,201802,2018-02-14 09:19:30,1
14,ymazari,201802,2018-02-14 04:39:52,1
15,Tobias Madsen,201802,2018-02-08 21:02:30,1
16,FrankHui,201802,2018-02-08 05:48:03,1
17,cwitte,201802,2018-02-07 13:54:36,1
18,ksemb,201802,2018-02-07 00:41:21,1
19,Derek,201802,2018-02-01 15:52:19,1
20,Hunan Rostomyan,201801,2018-01-29 16:11:47,1
21,Tommy,201801,2018-01-27 23:01:18,2
22,martin-kokos,201801,2018-01-25 02:31:03,1
23,Jamie Cox,201801,2018-01-24 13:27:04,1
24,cclauss,201801,2018-01-23 00:29:22,4
25,Akash Shivram,201801,2018-01-21 20:10:19,1
26,Ayush Gupta,201801,2018-01-19 20:26:29,1
27,jotasi,201801,2018-01-18 14:27:59,8
28,William de Vazelhes,201801,2018-01-18 02:12:31,3
29,shenhanc78,201801,2018-01-17 03:59:12,1
30,David Pickup,201801,2018-01-16 09:30:28,1
31,Barry Hart,201801,2018-01-14 04:55:28,1
32,Jiongyan Zhang,201801,2018-01-13 21:17:13,3
33,Mayur Kulkarni,201801,2018-01-11 05:50:05,2
34,Jonathan Ohayon,201801,2018-01-11 01:25:27,2
35,Alexandre Boucaud,201801,2018-01-10 23:13:03,1
36,Pinaki Nath Chowdhury,201801,2018-01-08 03:33:22,2
37,Rob,201801,2018-01-06 21:50:43,1
38,Shalil Awaley,201801,2018-01-04 19:57:34,1
39,Eunji,201712,2017-12-28 17:27:24,1
40,Franz Wompner,201712,2017-12-27 12:48:08,1
41,Yiming (Paul) Li,201712,2017-12-23 23:36:54,1
42,Nihar Sheth,201712,2017-12-22 12:23:29,1
43,Julien Chaumond,201712,2017-12-22 08:31:45,1
44,theriley106,201712,2017-12-21 08:41:03,1
45,Lizao Li,201712,2017-12-19 03:11:25,1
46,Camil Staps,201712,2017-12-18 16:10:54,1
47,Viraj Navkal,201712,2017-12-18 14:32:27,3
48,Will,201712,2017-12-15 22:57:38,1
49,Tulio Casagrande,201712,2017-12-14 14:25:31,1
50,Alexander Lenail,201712,2017-12-11 16:01:47,1
51,Zé Vinícius,201712,2017-12-07 18:48:58,1
52,adelr,201712,2017-12-07 07:19:24,1
53,Thomas,201712,2017-12-06 17:16:51,2
54,Chris,201712,2017-12-06 17:08:02,1
55,Jeb Bearer,201712,2017-12-06 13:15:20,1
56,Rajendra arora,201712,2017-12-05 17:36:55,2
57,frsi,201712,2017-12-05 14:20:42,1
58,Eric Chang,201712,2017-12-05 13:29:10,3
59,Mabel,201712,2017-12-04 03:28:19,1
60,fenx,201711,2017-11-28 17:57:13,1
61,Trevor Stephens,201711,2017-11-26 20:36:16,1
62,Varun Agrawal,201711,2017-11-25 10:31:58,1
63,Patrick Olden,201711,2017-11-23 12:04:04,1
64,211217613,201711,2017-11-22 15:06:10,1
65,Nicolas Hug,201711,2017-11-21 20:48:07,3
66,MarkIwanchyshyn,201711,2017-11-21 19:29:23,1
67,Andreas Bjerre-Nielsen,201711,2017-11-21 10:07:54,1
68,Adam Greenhall,201711,2017-11-17 07:35:49,1
69,siftikha,201711,2017-11-15 16:38:59,1
70,FarahSaeed,201711,2017-11-14 15:06:50,3
71,dilutedsauce,201711,2017-11-14 07:26:39,1
72,Peter St. John,201711,2017-11-13 14:23:26,1
73,Christian Braune,201711,2017-11-11 13:14:37,2
74,Jörg Döpfert,201711,2017-11-10 20:40:47,2
75,Oleksandr Pavlyk,201711,2017-11-10 08:36:52,1
76,nzw,201711,2017-11-05 19:44:35,1
77,Vinit,201711,2017-11-02 13:36:05,2
78,Patrick Fernandes,201711,2017-11-02 08:22:03,1
79,Nathan Suh,201710,2017-10-31 10:48:02,1
80,Mohamed Maskani,201710,2017-10-29 19:06:22,5
81,Vinod Kumar L,201710,2017-10-29 16:23:44,1
82,"Nicholas Nadeau, P.Eng., AVS",201710,2017-10-29 12:16:26,1
83,Muayyad Alsadi,201710,2017-10-28 00:07:03,1
84,srajan paliwal,201710,2017-10-27 07:10:47,1
85,Liam Geron,201710,2017-10-26 15:57:20,1
86,Gaurav Dhingra,201710,2017-10-26 14:15:02,7
87,gkevinyen5418,201710,2017-10-25 07:39:18,1
88,Gustavo De Mari Pereira,201710,2017-10-25 06:54:26,1
89,Jinkun Wang,201710,2017-10-24 22:05:36,1
90,Karl F,201710,2017-10-24 14:06:52,1
91,Tom Augspurger,201710,2017-10-22 17:21:53,1
92,Zhenqing Hu,201710,2017-10-22 14:48:29,1
93,Kyeongpil Kang,201710,2017-10-20 19:17:50,3
94,Sam Radhakrishnan,201710,2017-10-20 18:32:48,2
95,jkleint,201710,2017-10-16 14:26:06,2
96,Nathaniel Saul,201710,2017-10-15 05:27:35,2
97,Sachin Kelkar,201710,2017-10-10 14:57:38,2
98,Hossein Pourbozorg,201710,2017-10-10 02:14:17,2
99,goncalo-rodrigues,201710,2017-10-09 14:54:57,2
100,kyledrogo,201710,2017-10-07 22:29:35,3
101,Hristo,201710,2017-10-07 16:04:08,2
102,Aidan Fitzgerald,201710,2017-10-07 10:06:18,1
103,nielsenmarkus11,201710,2017-10-06 09:00:39,2
104,syonekura,201710,2017-10-04 12:28:32,1
105,Artiem K,201710,2017-10-03 06:25:18,3
106,oliblum90,201710,2017-10-02 23:39:25,2
107,MarsGuy,201710,2017-10-02 18:13:20,2
108,Steven Brown,201710,2017-10-02 12:40:39,1
109,Christian Hogan,201709,2017-09-26 03:41:33,1
110,Charlie Newey,201709,2017-09-21 18:21:55,1
111,Osaid Rehman Nasir,201709,2017-09-21 13:23:41,1
112,Dmitry Mottl,201709,2017-09-18 15:38:02,1
113,Bastian Venthur,201709,2017-09-18 11:55:23,1
114,brett koonce,201709,2017-09-17 08:04:23,2
115,Ekaterina Tuzova,201709,2017-09-15 07:04:13,2
116,Kye Taylor,201709,2017-09-14 21:17:45,2
117,Vrishank Bhardwaj,201709,2017-09-14 18:19:43,9
118,wdevazelhes,201709,2017-09-14 01:06:12,2
119,Dallas Card,201709,2017-09-13 09:23:01,1
120,Sam Steingold,201709,2017-09-11 16:06:01,2
121,Jonatan Samoocha,201709,2017-09-05 12:15:55,1
122,Nabarun Pal,201709,2017-09-04 23:27:18,1
123,Shahebaz,201709,2017-09-04 19:01:37,2
124,pasbi,201709,2017-09-01 11:10:01,2
125,felix,201709,2017-09-01 07:11:00,2
126,Pravar D Mahajan,201709,2017-09-01 05:26:19,1
127,Sebastian Flennerhag,201708,2017-08-29 22:59:02,1
128,Ben Lawson,201708,2017-08-28 15:15:14,2
129,Michael A. Alcorn,201708,2017-08-28 08:31:45,3
130,Vadim Markovtsev,201708,2017-08-24 13:24:36,2
131,Rasul Kerimov,201708,2017-08-22 09:43:30,4
132,Kumar Ashutosh,201708,2017-08-17 04:35:24,15
133,Anthony Gitter,201708,2017-08-16 18:43:28,4
134,wallygauze,201708,2017-08-15 00:37:10,3
135,Nagarjuna Kumar,201708,2017-08-14 19:22:17,2
136,Ryan,201708,2017-08-14 14:15:07,3
137,diegodlh,201708,2017-08-11 19:38:52,2
138,Luciano Viola,201708,2017-08-11 17:06:30,1
139,tobycheese,201708,2017-08-07 00:48:07,2
140,jschendel,201708,2017-08-05 17:35:28,4
141,Julian Kuhlmann,201708,2017-08-04 13:00:48,2
142,Sri Krishna,201708,2017-08-02 10:48:52,2
143,Alan Yee,201707,2017-07-29 05:13:38,2
144,hakaa1,201707,2017-07-25 13:48:57,2
145,Vilhelm von Ehrenheim,201707,2017-07-25 11:46:17,2
146,Fang-Chieh Chou,201707,2017-07-24 08:36:18,2
147,filipj8,201707,2017-07-20 18:04:51,2
148,Sailesh Choyal,201707,2017-07-19 22:34:57,2
149,Sharan Yalburgi,201707,2017-07-18 15:48:51,2
150,Breno Freitas,201707,2017-07-18 06:24:21,3
151,Warut Vijitbenjaronk,201707,2017-07-17 12:02:18,2
152,Balakumaran Manoharan,201707,2017-07-16 07:20:45,12
153,Dmitry Petrov,201707,2017-07-15 23:54:24,10
154,Melanie Goetz,201707,2017-07-15 16:31:20,2
155,pravarmahajan,201707,2017-07-13 12:13:26,2
156,hongkahjun,201707,2017-07-05 14:48:30,1
157,Jean Helie,201707,2017-07-05 08:22:21,1
158,Sebastin Santy,201707,2017-07-01 18:27:54,13
159,Adam Kleczewski,201706,2017-06-29 01:34:19,3
160,midinas,201706,2017-06-27 20:31:00,2
161,Yang Zhang,201706,2017-06-26 06:32:35,1
162,James Bourbeau,201706,2017-06-24 10:14:48,10
163,Arthur Imbert,201706,2017-06-23 17:03:11,1
164,"(Venkat) Raghav, Rajagopalan",201706,2017-06-21 17:53:15,11
165,plagree,201706,2017-06-20 14:48:57,1
166,Nate Guerin,201706,2017-06-18 10:33:10,2
167,Jaye,201706,2017-06-18 09:58:56,1
168,Antonin Carette,201706,2017-06-16 19:05:51,1
169,Aleksandr Sandrovskii,201706,2017-06-14 23:12:40,1
170,ldirer,201706,2017-06-09 16:29:05,2
171,jayzed82,201706,2017-06-09 13:27:13,1
172,Christian Danielsen,201706,2017-06-08 14:51:53,1
173,Aman Pratik,201706,2017-06-08 13:59:23,1
174,David Gasquez,201706,2017-06-08 13:19:47,1
175,Jan Margeta,201706,2017-06-08 11:13:57,21
176,Aurélien Bellet,201706,2017-06-08 10:08:20,2
177,mlewis1729,201706,2017-06-08 05:35:48,1
178,Jeremy Steward,201706,2017-06-08 03:51:48,1
179,Abhyuday Pratap Singh,201706,2017-06-07 13:52:14,1
180,Aarshay Jain,201706,2017-06-07 07:23:12,5
181,Paulo Haddad,201706,2017-06-07 00:12:44,1
182,Remi Rampin,201706,2017-06-06 16:19:55,1
183,DOHMATOB Elvis,201706,2017-06-06 14:36:13,1
184,shivamgargsya,201706,2017-06-06 14:12:47,1
185,Taehoon Lee,201706,2017-06-04 06:54:04,14
186,Albert Thomas,201706,2017-06-03 10:47:20,17
187,David DeTomaso,201706,2017-06-01 04:14:35,1
188,Chinmaya Pancholi,201706,2017-06-01 02:53:22,1
189,Chung Yen,201705,2017-05-31 01:26:12,1
190,Jörn Hees,201705,2017-05-29 01:18:28,1
191,Attractadore,201705,2017-05-26 09:07:10,5
192,jbDelafosse,201705,2017-05-24 10:22:14,2
193,Joan Massich,201705,2017-05-23 15:23:03,11
194,Kennedy,201705,2017-05-23 14:28:52,1
195,Yuichi Fujikawa,201705,2017-05-23 11:10:35,1
196,Clement Joudet,201705,2017-05-20 09:47:43,4
197,Pete Bachant,201705,2017-05-20 04:28:34,1
198,Sergul Aydore,201705,2017-05-18 23:22:10,2
199,Romain Brault,201705,2017-05-18 20:17:10,1
200,1kastner,201705,2017-05-17 17:29:17,1
201,MrMjauh,201705,2017-05-12 14:33:08,1
202,Ed Rogers,201705,2017-05-11 20:44:38,1
203,Manraj Singh,201705,2017-05-10 03:21:56,1
204,Lera,201705,2017-05-09 12:21:12,1
205,jaroslaw-weber,201705,2017-05-08 17:02:38,1
206,aivision2020,201704,2017-04-30 00:57:23,1
207,Brian A. Alfano,201704,2017-04-27 03:49:33,1
208,AishwaryaRK,201704,2017-04-26 13:28:32,2
209,Li Li,201704,2017-04-26 12:58:20,1
210,Minghui Liu,201704,2017-04-25 15:11:03,7
211,Joris Van den Bossche,201704,2017-04-25 11:37:34,7
212,andreh7,201704,2017-04-22 14:47:55,1
213,Milen Paskov,201704,2017-04-22 09:45:08,1
214,Puneet Mathur,201704,2017-04-19 22:50:22,1
215,Chayant T15h,201704,2017-04-19 14:28:49,1
216,Narine Kokhlikyan,201704,2017-04-17 22:15:44,1
217,Ilya,201704,2017-04-13 13:47:04,1
218,NALEPA Emmanuel,201704,2017-04-13 00:20:34,1
219,Rebecca Bilbro,201704,2017-04-12 18:26:33,1
220,Peter Csizsek,201704,2017-04-09 17:16:19,1
221,Vathsala Achar,201704,2017-04-06 23:42:34,3
222,zxcvbnius,201703,2017-03-31 19:20:49,1
223,RAKOTOARISON Herilalaina,201703,2017-03-30 14:21:51,11
224,martin-hahn,201703,2017-03-30 14:14:02,2
225,Samuël Weber,201703,2017-03-30 13:12:22,1
226,Lee Murray,201703,2017-03-30 02:19:21,1
227,David Heryanto,201703,2017-03-28 00:54:52,1
228,Hanmin Qin,201703,2017-03-27 18:39:28,77
229,Tommy Boucher,201703,2017-03-24 19:48:02,1
230,Quentin Hibon,201703,2017-03-22 16:32:43,1
231,Bob Baxley,201703,2017-03-21 18:15:37,1
232,guiniol,201703,2017-03-21 16:13:48,1
233,Sid Kapur,201703,2017-03-19 05:38:30,2
234,Michal Baumgartner,201703,2017-03-18 20:24:44,1
235,Ramana Subramanyam,201703,2017-03-17 15:35:17,3
236,Hadrien Bertrand,201703,2017-03-16 18:01:07,1
237,Paweł Lorek,201703,2017-03-16 15:21:42,1
238,gedeck,201703,2017-03-16 05:22:58,1
239,Peter Wang,201703,2017-03-14 11:50:23,1
240,Parminder Singh,201703,2017-03-13 01:34:30,1
241,leereeves,201703,2017-03-12 15:43:55,1
242,Janine Harper,201703,2017-03-12 11:13:40,1
243,Icyblade Dai,201703,2017-03-09 14:50:21,1
244,Alison,201703,2017-03-09 12:54:38,1
245,Tyler Folkman,201703,2017-03-07 03:32:05,1
246,Sarah Brown,201703,2017-03-06 22:39:45,1
247,Nikita Singh,201703,2017-03-05 14:20:30,2
248,mehak-sachdeva,201703,2017-03-04 20:23:35,1
249,Namiya,201703,2017-03-04 16:37:11,1
250,Ellen-Co2,201703,2017-03-04 16:35:36,1
251,Elizabeth Ferriss,201703,2017-03-04 14:56:02,1
252,Rameshwar Bhaskaran,201703,2017-03-04 01:48:09,3
253,Almer,201703,2017-03-03 01:43:46,1
254,mathurinm,201703,2017-03-02 15:40:48,1
255,josephsalmon,201703,2017-03-02 10:18:23,2
256,Reiichiro Nakano,201703,2017-03-02 08:54:09,5
257,MarcoFalke,201702,2017-02-26 13:12:21,1
258,Morikko,201702,2017-02-23 17:56:14,1
259,Isaac Laughlin,201702,2017-02-23 02:22:26,1
260,Tahar,201702,2017-02-22 18:17:04,2
261,Kat Hempstalk,201702,2017-02-22 02:20:05,1
262,Marc Meketon,201702,2017-02-21 04:03:38,1
263,Holger Peters,201702,2017-02-20 23:33:28,1
264,dokato,201702,2017-02-20 22:06:39,2
265,Sachin Agarwal,201702,2017-02-20 18:23:51,1
266,i-am-xhy,201702,2017-02-19 13:57:50,1
267,Dickson,201702,2017-02-18 18:29:07,1
268,Vivek Kumar,201702,2017-02-13 15:58:53,2
269,Tyler Lanigan,201702,2017-02-13 05:27:19,1
270,Aseem Bansal,201702,2017-02-12 21:23:58,2
271,Asish Mahapatra,201702,2017-02-11 08:10:22,1
272,Victor Poughon,201702,2017-02-10 14:19:27,1
273,Vlasios Vasileiou,201702,2017-02-08 07:53:29,1
274,seanpwilliams,201702,2017-02-08 00:10:54,1
275,Shubham Bhardwaj,201702,2017-02-07 09:55:37,3
276,akshay0724,201702,2017-02-06 15:40:44,3
277,Rishikesh,201702,2017-02-01 17:43:12,10
278,Michael Dezube,201701,2017-01-28 15:35:15,1
279,Paul Ganssle,201701,2017-01-26 16:41:03,1
280,Kenneth Myers,201701,2017-01-24 07:28:15,1
281,campustrampus,201701,2017-01-19 03:21:47,1
282,Samson Tan,201701,2017-01-18 09:36:10,1
283,jakirkham,201701,2017-01-17 20:45:37,2
284,Josh Levy,201701,2017-01-16 20:37:42,1
285,Basil Beirouti,201701,2017-01-15 02:25:17,2
286,mikebenfield,201701,2017-01-08 13:41:16,2
287,Peng Yu,201701,2017-01-05 10:11:18,1
288,mthorrell,201701,2017-01-04 21:30:00,1
289,Andy Craze,201701,2017-01-04 01:26:25,1
290,Devansh D,201701,2017-01-03 13:32:09,4
291,Stijn Tonk,201612,2016-12-29 02:46:53,1
292,(Venkat) Raghav (Rajagopalan),201612,2016-12-28 22:00:13,4
293,Katie Luangkote,201612,2016-12-27 03:08:27,3
294,Peter Bull,201612,2016-12-22 12:54:21,1
295,John Wei,201612,2016-12-20 19:06:15,1
296,Daniel LeJeune,201612,2016-12-20 08:23:32,1
297,xor,201612,2016-12-19 22:35:49,1
298,Gary Foreman,201612,2016-12-19 22:20:08,2
299,Jonathan LIgo,201612,2016-12-16 14:56:26,1
300,Don86,201612,2016-12-16 00:17:28,1
301,Sebastian Pölsterl,201612,2016-12-13 23:40:49,1
302,Vincent Pham,201612,2016-12-07 20:25:51,4
303,brady salz,201612,2016-12-05 19:13:10,1
304,willduan,201612,2016-12-05 17:22:26,1
305,rashchedrin,201612,2016-12-03 23:57:15,1
306,David Haberthür,201612,2016-12-02 16:49:47,1
307,Nitish Pandey,201612,2016-12-01 10:23:38,1
308,Darius Morawiec,201611,2016-11-28 12:38:26,3
309,pldtc325,201611,2016-11-24 16:48:16,1
310,Neeraj Gangwar,201611,2016-11-22 18:37:15,2
311,Ang Lu,201611,2016-11-22 17:45:32,1
312,Theofilos Papapanagiotou,201611,2016-11-21 14:58:58,1
313,alexandercbooth,201611,2016-11-21 07:37:48,4
314,James A. Bednar,201611,2016-11-19 20:10:37,1
315,David Robles,201611,2016-11-17 15:24:36,3
316,Matthias Gilch,201611,2016-11-17 09:48:17,1
317,jeroko,201611,2016-11-16 02:25:49,1
318,JC Liu,201611,2016-11-14 21:33:30,5
319,jmontoyam,201611,2016-11-12 04:01:29,1
320,Aman Dalmia,201611,2016-11-09 07:09:28,17
321,David Kirkby,201611,2016-11-09 00:45:05,3
322,Bing Tian Dai,201611,2016-11-07 15:29:32,2
323,guoci,201611,2016-11-07 15:03:21,2
324,Ekaterina Krivich,201611,2016-11-05 13:44:53,3
325,Karan Desai,201611,2016-11-03 07:42:33,3
326,Rafael Possas,201611,2016-11-01 22:29:34,4
327,Arthur Douillard,201610,2016-10-31 15:50:35,2
328,ditenberg,201610,2016-10-31 11:45:14,2
329,Kaushik Lakshmikanth,201610,2016-10-30 18:07:50,2
330,Kevin Yap,201610,2016-10-30 14:58:22,2
331,Tommy Löfstedt,201610,2016-10-30 11:07:14,1
332,Jon Crall,201610,2016-10-27 18:45:11,3
333,Kai,201610,2016-10-26 15:27:15,1
334,Varun Shenoy,201610,2016-10-26 11:50:17,1
335,Artsiom,201610,2016-10-26 04:56:55,2
336,Deborah Gertrude Digges,201610,2016-10-25 13:49:57,2
337,nuffe,201610,2016-10-25 10:07:02,2
338,polmauri,201610,2016-10-25 08:42:39,2
339,chkoar,201610,2016-10-25 02:31:49,5
340,Brian Burns,201610,2016-10-24 23:13:18,2
341,Antoine Wendlinger,201610,2016-10-24 20:01:49,1
342,Srivatsan,201610,2016-10-24 19:22:34,8
343,affanv14,201610,2016-10-20 22:38:23,2
344,Alexander Junge,201610,2016-10-20 15:23:15,2
345,Brett Olsen,201610,2016-10-20 15:12:20,1
346,Alyssa Batula,201610,2016-10-20 10:07:43,1
347,"Meng, Peng",201610,2016-10-20 10:06:32,1
348,NarineK,201610,2016-10-19 12:18:07,2
349,ferria,201610,2016-10-18 19:16:11,3
350,ljwolf,201610,2016-10-18 16:40:32,4
351,yangarbiter,201610,2016-10-17 06:49:23,1
352,Andrew Smith,201610,2016-10-17 02:04:34,2
353,Ibraim Ganiev,201610,2016-10-15 13:41:44,3
354,Fabian Egli,201610,2016-10-14 21:58:41,2
355,Nicole Vavrova,201610,2016-10-13 15:22:55,2
356,Aashil,201610,2016-10-10 22:44:37,11
357,Iván Vallés,201610,2016-10-09 15:32:53,2
358,Kyle Gilliam,201610,2016-10-09 05:33:59,7
359,E. Lynch-Klarup,201610,2016-10-08 22:09:58,2
360,He Chen,201610,2016-10-08 06:10:31,4
361,Artem Golubin,201610,2016-10-08 02:47:43,2
362,Sourav Singh,201610,2016-10-07 14:50:08,3
363,Grzegorz Szpak,201610,2016-10-06 23:19:43,2
364,Dave Elliott,201610,2016-10-06 10:00:54,4
365,Josh Karnofsky,201610,2016-10-05 23:01:12,8
366,Mainak Jas,201610,2016-10-05 12:06:20,2
367,Kathy Chen,201610,2016-10-05 11:28:37,3
368,vibrantabhi19,201610,2016-10-05 01:11:27,2
369,Angus Williams,201610,2016-10-04 13:40:33,3
370,Jonathan Rahn,201610,2016-10-03 22:18:49,2
371,Patrick Carlson,201610,2016-10-03 11:42:51,2
372,Michele Lacchia,201610,2016-10-01 16:23:55,4
373,Mehul Ahuja,201609,2016-09-30 09:06:09,2
374,Julien Aubert,201609,2016-09-30 05:45:16,2
375,Andrea Esuli,201609,2016-09-30 04:49:26,1
376,Charlton Austin,201609,2016-09-29 23:41:43,2
377,Pieter Arthur de Jong,201609,2016-09-29 19:51:46,2
378,rickiepark,201609,2016-09-29 17:22:16,3
379,Om Prakash,201609,2016-09-29 16:52:49,2
380,Siddharth Gupta,201609,2016-09-28 22:16:46,1
381,fukatani,201609,2016-09-26 03:48:04,2
382,mlliou112,201609,2016-09-24 19:47:01,2
383,omtcyfz,201609,2016-09-24 13:19:11,3
384,Kirill Bobyrev,201609,2016-09-23 01:36:58,2
385,Utkarsh Upadhyay,201609,2016-09-21 13:00:24,7
386,Russell Smith,201609,2016-09-20 07:46:45,2
387,Patrick Pei,201609,2016-09-19 17:06:36,1
388,elena-sharova,201609,2016-09-17 15:41:25,2
389,Steven C. Howell,201609,2016-09-16 21:20:49,4
390,Charlie Brummitt,201609,2016-09-16 12:44:01,6
391,Henry Lin,201609,2016-09-15 18:33:08,2
392,Roman Yurchak,201609,2016-09-15 15:39:53,13
393,Agamemnon Krasoulis,201609,2016-09-14 20:59:06,2
394,Rob Hall,201609,2016-09-14 15:05:51,2
395,Shashank Shekhar,201609,2016-09-13 04:03:22,1
396,Robin Schucker,201609,2016-09-13 03:27:17,1
397,James Routley,201609,2016-09-12 22:33:56,1
398,Yichuan Liu,201609,2016-09-12 20:35:32,2
399,jblackburne,201609,2016-09-10 19:48:32,1
400,ndingwall,201609,2016-09-07 14:31:52,1
401,saihttam,201609,2016-09-05 14:49:14,1
402,themrmax,201609,2016-09-05 14:45:57,19
403,Jimmy Jia,201608,2016-08-31 19:51:03,1
404,Hobson Lane,201608,2016-08-31 14:33:09,4
405,Alexandre Saint,201608,2016-08-27 15:19:52,1
406,Mridul Seth,201608,2016-08-27 15:15:02,2
407,asnt,201608,2016-08-27 13:32:24,1
408,Alexander Rudy,201608,2016-08-27 04:54:51,1
409,srvanrell,201608,2016-08-26 16:29:20,1
410,LeightonZhang,201608,2016-08-26 09:50:53,1
411,Viacheslav V Kovalevskyi,201608,2016-08-20 13:32:27,7
412,b0noI,201608,2016-08-19 21:26:08,3
413,Zheng RuiFeng,201608,2016-08-19 14:37:36,1
414,Caio Oliveira,201608,2016-08-18 06:47:00,2
415,definitelyuncertain,201608,2016-08-18 01:23:58,1
416,Greg Stupp,201608,2016-08-17 18:24:05,2
417,CeShine Lee,201608,2016-08-17 05:57:05,1
418,Konstantin Podshumok,201608,2016-08-13 11:32:16,2
419,Sebastián Vanrell,201608,2016-08-13 06:06:22,1
420,Sergei Lebedev,201608,2016-08-12 11:04:55,4
421,Jessica Yung,201608,2016-08-10 12:37:20,1
422,Jason Laska,201608,2016-08-10 08:53:18,2
423,Mads Jensen,201608,2016-08-09 18:06:10,1
424,tKammy,201608,2016-08-09 14:05:30,1
425,Naoya Kanai,201608,2016-08-05 10:35:28,15
426,Iver Jordal,201608,2016-08-04 21:52:10,1
427,JulianKahnert,201608,2016-08-04 13:52:04,1
428,Didi Bar-Zev,201608,2016-08-02 12:36:43,3
429,Manvendra Singh,201607,2016-07-30 00:01:36,4
430,James Fiedler,201607,2016-07-29 19:29:26,1
431,Andrew Jackson,201607,2016-07-29 10:48:59,3
432,Rammig,201607,2016-07-29 00:05:25,1
433,David Staub,201607,2016-07-28 01:02:48,3
434,Nate George,201607,2016-07-27 14:58:25,1
435,Raghav RV,201607,2016-07-26 16:21:27,21
436,Archit Sharma,201607,2016-07-25 13:49:26,1
437,Sam Shleifer,201607,2016-07-25 03:53:18,4
438,Léonie Borne,201607,2016-07-23 22:29:28,1
439,joncrall,201607,2016-07-22 13:34:54,1
440,Varun Jewalikar,201607,2016-07-22 10:18:59,1
441,David Nicholson,201607,2016-07-21 01:28:32,3
442,juliathebrave,201607,2016-07-17 15:48:28,1
443,blakeflei,201607,2016-07-17 15:48:03,1
444,Deborah,201607,2016-07-17 15:11:49,1
445,shengxiduan,201607,2016-07-17 12:51:18,1
446,NickleDave,201607,2016-07-17 12:20:01,1
447,Kyle Jackson,201607,2016-07-17 09:33:48,3
448,Behzad Tabibian,201607,2016-07-16 19:01:40,8
449,wyseguy7,201607,2016-07-16 16:21:43,1
450,jrfiedler,201607,2016-07-16 15:49:25,3
451,Inki Hwang,201607,2016-07-16 15:39:10,1
452,Carol Willing,201607,2016-07-16 12:07:43,8
453,Janna Brettingen,201607,2016-07-16 10:08:46,1
454,Gordon Mohr,201607,2016-07-16 08:48:42,1
455,fisache,201607,2016-07-13 16:23:14,1
456,Vikram,201607,2016-07-13 14:26:21,1
457,Igor Andriushchenko,201607,2016-07-08 02:25:14,7
458,Sebastian Raschka,201607,2016-07-01 15:50:40,5
459,Francis O'Donovan,201606,2016-06-28 17:00:26,1
460,Shota,201606,2016-06-28 01:13:49,1
461,Mark Bao,201606,2016-06-26 05:19:39,1
462,jonathan.striebel,201606,2016-06-24 21:05:41,3
463,Imaculate,201606,2016-06-23 16:02:11,2
464,Rohan Jain,201606,2016-06-23 10:59:52,1
465,Brandon Carter,201606,2016-06-21 00:39:47,5
466,Yoav Ram,201606,2016-06-19 15:46:13,1
467,hashcode55,201606,2016-06-19 02:53:34,3
468,Jeremy Hintz,201606,2016-06-18 03:03:36,1
469,John Moeller,201606,2016-06-16 22:49:36,4
470,Krishna Kalyan,201606,2016-06-13 21:56:40,1
471,Marco De Nadai,201606,2016-06-12 08:16:22,1
472,jackmartin,201606,2016-06-10 18:30:26,2
473,Liang-Chi Hsieh,201606,2016-06-03 17:32:25,1
474,krishnakalyan3,201606,2016-06-02 15:00:40,3
475,"Ping-Yao, Chang",201606,2016-06-01 14:26:25,2
476,Bernhard Kratzwald,201605,2016-05-31 14:32:20,1
477,Martin Madsen,201605,2016-05-30 13:31:12,1
478,Moussa Taifi,201605,2016-05-29 13:43:53,3
479,John B Nelson,201605,2016-05-26 18:36:37,1
480,nadya-p,201605,2016-05-26 13:51:17,1
481,Ryan Yu,201605,2016-05-25 20:57:28,2
482,Giovanni Lanzani,201605,2016-05-22 15:19:34,1
483,Daniel,201605,2016-05-22 05:16:13,1
484,Jill-Jênn Vie,201605,2016-05-19 14:23:16,1
485,Ariel Rokem,201605,2016-05-17 05:24:25,1
486,Wenhua Yang,201605,2016-05-10 15:32:15,1
487,Robert Lutz,201605,2016-05-10 05:34:33,1
488,Kevin Wang,201605,2016-05-10 05:00:41,1
489,Jordi,201605,2016-05-09 22:54:35,1
490,David Ellis,201605,2016-05-07 10:32:49,1
491,okbalefthanded,201605,2016-05-04 13:15:16,1
492,Daniel Hnyk,201605,2016-05-03 14:52:32,3
493,xyguo,201604,2016-04-30 06:08:11,2
494,shanmuga cv,201604,2016-04-28 21:48:25,1
495,Colin Ni,201604,2016-04-28 09:08:46,1
496,zivori,201604,2016-04-27 10:24:34,1
497,Thierry Guillemot,201604,2016-04-26 16:08:48,18
498,ghg,201604,2016-04-26 00:49:06,1
499,Tue Vo,201604,2016-04-25 13:51:16,1
500,Saiwing Yeung,201604,2016-04-25 11:17:34,3
501,Cass,201604,2016-04-24 08:41:57,1
502,shuckle16,201604,2016-04-23 03:24:33,1
503,Elias Kuthe,201604,2016-04-22 17:05:11,1
504,Kenneth Lyons,201604,2016-04-22 12:08:19,3
505,Alejandro Correa Bahnsen,201604,2016-04-20 03:03:55,1
506,Yen,201604,2016-04-16 23:16:05,12
507,Gustav Mörtberg,201604,2016-04-15 23:46:22,1
508,Thierry,201604,2016-04-14 16:30:47,2
509,David Warshaw,201604,2016-04-12 16:08:45,1
510,Sasank Chilamkurthy,201604,2016-04-07 22:36:52,1
511,Matheus,201604,2016-04-07 17:06:36,1
512,Jeroen Van Goey,201604,2016-04-07 16:02:15,1
513,Mark Szepieniec,201604,2016-04-06 17:37:40,1
514,Ruifeng Zheng,201604,2016-04-05 22:15:34,4
515,Matteo Visconti di Oleggio Castello,201604,2016-04-05 14:22:20,1
516,Alexander Minyushkin,201604,2016-04-05 13:59:30,1
517,jeff levesque,201604,2016-04-05 09:03:06,1
518,Sébastien Lerique,201604,2016-04-04 10:08:42,1
519,ningchi,201604,2016-04-02 14:58:40,2
520,Toshihiro Kamishima,201603,2016-03-31 00:59:14,3
521,Thomas A Caswell,201603,2016-03-30 14:01:49,1
522,nlathia,201603,2016-03-22 15:13:41,1
523,practicalswift,201603,2016-03-20 22:48:25,1
524,lizsz,201603,2016-03-19 01:11:54,1
525,Okhlopkov Daniil Olegovich,201603,2016-03-14 23:13:11,3
526,Arafat,201603,2016-03-13 18:38:37,1
527,Davide Lasagna,201603,2016-03-13 18:06:01,1
528,Randy Olson,201603,2016-03-07 13:50:44,2
529,Camilo Lamus,201603,2016-03-06 19:41:17,5
530,Rob Alexander,201603,2016-03-01 06:26:52,1
531,Scott Lowe,201602,2016-02-28 22:40:46,2
532,Andrew Murray,201602,2016-02-24 19:16:31,1
533,tracer0tong,201602,2016-02-17 02:05:25,2
534,alyssaq,201602,2016-02-15 14:12:25,1
535,Joseph Munoz,201602,2016-02-10 13:19:36,1
536,Greg Reda,201602,2016-02-09 09:57:43,1
537,Trent Hauck,201602,2016-02-08 22:02:36,1
538,Paul Strickland,201602,2016-02-06 14:41:22,1
539,govin-vatsan,201602,2016-02-06 01:14:26,1
540,halwai,201601,2016-01-30 00:51:37,1
541,jarfa,201601,2016-01-29 13:35:30,2
542,Panos Louridas,201601,2016-01-28 18:16:31,2
543,Amlan Kar,201601,2016-01-27 18:02:04,1
544,YenChenLin,201601,2016-01-26 10:45:14,23
545,Ash Hoover,201601,2016-01-25 10:49:51,1
546,kingjr,201601,2016-01-22 16:20:28,1
547,Guillaume Lemaitre,201601,2016-01-18 16:54:00,50
548,edwinENSAE,201601,2016-01-12 17:02:00,1
549,imaculate,201601,2016-01-08 14:47:08,1
550,root,201601,2016-01-06 03:30:38,1
551,michiaki ariga,201601,2016-01-03 03:16:26,1
552,kaichogami,201601,2016-01-01 13:18:18,5
553,mrandrewandrade,201512,2015-12-28 13:09:58,1
554,Mathieu Dubois,201512,2015-12-25 23:53:54,3
555,Isaac Sijaranamual,201512,2015-12-19 17:21:52,1
556,Maniteja Nandana,201512,2015-12-17 23:01:20,11
557,Qimu Zheng,201512,2015-12-16 14:19:31,1
558,dsquareindia,201512,2015-12-15 20:07:57,14
559,David Thaler,201512,2015-12-15 19:29:51,2
560,JPFrancoia,201512,2015-12-15 16:29:40,5
561,Alexander Loginov,201512,2015-12-15 00:29:41,1
562,Kvle Putnam,201512,2015-12-14 21:03:57,2
563,Francis T. O'Donovan,201512,2015-12-12 01:46:56,4
564,Sartaj Singh,201512,2015-12-11 04:46:46,1
565,Dan Shiebler,201512,2015-12-07 20:16:53,1
566,seales,201512,2015-12-07 10:13:40,2
567,alexfields,201512,2015-12-04 14:46:48,1
568,kjell,201512,2015-12-03 10:48:02,2
569,Joshua Cook,201512,2015-12-03 00:16:43,1
570,Nelson Liu,201511,2015-11-24 22:22:45,55
571,Wenjian Huang,201511,2015-11-21 08:51:35,1
572,toastedcornflakes,201511,2015-11-20 21:06:39,5
573,SmedbergM,201511,2015-11-19 12:18:10,1
574,LeiG,201511,2015-11-19 00:59:42,1
575,ldavid,201511,2015-11-17 13:51:54,1
576,walter,201511,2015-11-16 15:35:00,1
577,Andrew McCulloh,201511,2015-11-16 14:47:03,4
578,Pieter de Jong,201511,2015-11-16 14:27:51,1
579,Nick James,201511,2015-11-16 13:23:36,2
580,Scott Andrews,201511,2015-11-16 13:15:07,1
581,jeremynixon,201511,2015-11-16 13:12:39,1
582,codevig,201511,2015-11-16 11:43:23,1
583,Hugo Bowne-Anderson,201511,2015-11-16 11:14:19,3
584,hugobowne,201511,2015-11-16 10:42:33,5
585,Will Welch,201511,2015-11-16 10:12:02,1
586,Leland McInnes,201511,2015-11-12 19:24:35,5
587,Fabio Ticconi,201511,2015-11-12 16:30:21,4
588,Villu Ruusmann,201511,2015-11-12 15:16:01,3
589,Alvaro Ulloa,201511,2015-11-12 09:30:08,1
590,Max Moroz,201511,2015-11-12 00:57:49,1
591,Varun,201511,2015-11-10 16:02:07,3
592,Taranjeet,201511,2015-11-07 23:09:27,1
593,Harizo Rajaona,201511,2015-11-07 10:29:26,4
594,Ramana.S,201511,2015-11-06 01:21:41,2
595,hdmetor,201511,2015-11-04 19:20:41,1
596,Jiyuan Qian,201511,2015-11-04 14:25:20,1
597,"Zikes, Jan",201511,2015-11-03 14:50:17,2
598,Bhargav Mangipudi,201511,2015-11-03 06:06:20,3
599,Mario Krell,201511,2015-11-02 18:38:27,1
600,shawpan,201510,2015-10-31 23:21:49,2
601,Michael Scherer,201510,2015-10-31 11:19:31,1
602,Rémy Léone,201510,2015-10-30 17:10:03,14
603,Nicolas Goix,201510,2015-10-29 11:39:40,15
604,Thomas Hallock,201510,2015-10-25 19:55:44,2
605,Giorgio Patrini,201510,2015-10-24 13:06:29,7
606,sklearn-ci,201510,2015-10-23 19:46:41,1
607,johannah,201510,2015-10-22 13:59:52,11
608,Kornel Kielczewski,201510,2015-10-22 13:39:36,1
609,KamalakerDadi,201510,2015-10-21 15:44:14,5
610,Rachit Kansal,201510,2015-10-21 15:21:29,1
611,Elvis DOHMATOB,201510,2015-10-20 15:47:51,5
612,Aditya Joshi,201510,2015-10-20 13:07:06,1
613,Perrine Letellier,201510,2015-10-20 11:08:45,2
614,Arnaud Rachez,201510,2015-10-20 10:22:10,5
615,Jeffrey04,201510,2015-10-19 19:29:00,9
616,Charles Truong,201510,2015-10-19 14:04:12,1
617,Alexandre Abadie,201510,2015-10-19 13:29:41,14
618,MaryanMorel,201510,2015-10-19 12:12:30,3
619,Thomas Moreau,201510,2015-10-19 11:51:50,10
620,Massil,201510,2015-10-19 11:40:23,4
621,waterponey,201510,2015-10-19 11:24:01,9
622,MartinBpr,201510,2015-10-19 11:03:38,4
623,shagun Sodhani,201510,2015-10-16 20:13:46,1
624,=?UTF-8?q?Lo=C3=AFc=20Est=C3=A8ve?=,201510,2015-10-14 17:00:03,1
625,Loic Esteve,201510,2015-10-14 14:12:06,2
626,Tom Dupré la Tour,201510,2015-10-13 14:56:15,57
627,Michael Patterson,201510,2015-10-11 16:58:41,2
628,Yucheng Low,201510,2015-10-08 14:56:05,1
629,Tom DLT,201510,2015-10-07 18:14:44,1
630,Lilian Besson,201510,2015-10-06 08:24:15,11
631,John Boersma,201510,2015-10-02 20:37:39,10
632,Rohan Ramanath,201510,2015-10-01 12:05:59,1
633,Ishank Gulati,201509,2015-09-28 11:23:47,4
634,Nico de Vos,201509,2015-09-26 12:06:00,1
635,Jeremy,201509,2015-09-25 19:12:25,1
636,Fernando Carrillo,201509,2015-09-18 08:01:29,1
637,benjaminirving,201509,2015-09-16 16:24:18,1
638,Timothy Hopper,201509,2015-09-16 13:46:32,1
639,Andrew Lamb,201509,2015-09-12 10:19:24,5
640,vstolbunov,201509,2015-09-11 16:37:00,2
641,Clyde-fare,201509,2015-09-11 12:22:25,1
642,Graham Clenaghan,201509,2015-09-08 23:14:37,4
643,Masafumi Oyamada,201509,2015-09-07 11:34:05,1
644,djipey,201509,2015-09-05 17:44:05,9
645,Adithya Ganesh,201509,2015-09-02 18:17:46,5
646,Valentin Stolbunov,201509,2015-09-02 14:45:37,1
647,Chi Zhang,201509,2015-09-01 10:49:23,2
648,santi,201508,2015-08-30 10:53:57,1
649,Glenn Qian,201508,2015-08-28 00:26:21,2
650,Data1010,201508,2015-08-26 15:43:52,2
651,Vighnesh Birodkar,201508,2015-08-24 19:52:40,15
652,Eric Larson,201508,2015-08-20 09:58:28,1
653,Kyler Brown,201508,2015-08-13 09:13:13,1
654,Frank Zalkow,201508,2015-08-12 13:08:14,9
655,Buddha Prakash,201508,2015-08-12 11:42:46,7
656,Ganiev Ibraim,201508,2015-08-08 22:03:59,10
657,Pauli Virtanen,201508,2015-08-06 23:44:14,1
658,mbillinger,201508,2015-08-05 16:04:15,4
659,giorgiop,201508,2015-08-05 14:01:22,21
660,Jiali Mei,201508,2015-08-04 14:57:58,1
661,andrew giessel,201508,2015-08-04 08:37:57,1
662,Gryllos Prokopis,201508,2015-08-02 01:28:02,4
663,saurabh.bansod,201508,2015-08-01 00:21:13,7
664,John Wittenauer,201507,2015-07-31 21:56:08,2
665,mhg,201507,2015-07-30 15:40:49,25
666,Anish Shah,201507,2015-07-29 20:22:28,2
667,MarkTab marktab.net,201507,2015-07-28 23:09:27,1
668,Raghav,201507,2015-07-25 21:04:20,1
669,John Kirkham,201507,2015-07-23 16:21:11,2
670,yanlend,201507,2015-07-20 18:35:51,11
671,hlin117,201507,2015-07-18 23:17:22,40
672,Ankur Ankan,201507,2015-07-17 14:46:14,1
673,SimonPL,201507,2015-07-17 11:22:04,2
674,Donne Martin,201507,2015-07-15 05:26:40,1
675,edson duarte,201507,2015-07-14 22:37:08,1
676,Chih-Wei Chang,201507,2015-07-12 13:49:13,1
677,Vincent,201507,2015-07-11 21:49:07,1
678,Matt Krump,201507,2015-07-11 16:17:46,2
679,David Dotson,201507,2015-07-11 14:32:32,2
680,Cindy Sridharan,201507,2015-07-11 12:36:29,3
681,Phil Roth,201507,2015-07-11 11:42:11,9
682,Stephen Hoover,201507,2015-07-11 10:47:29,5
683,Yury Zhauniarovich,201507,2015-07-10 14:13:56,1
684,pianomania,201507,2015-07-08 13:57:21,3
685,Theodore Vasiloudis,201507,2015-07-07 12:46:41,1
686,Eduardo Caro,201507,2015-07-02 02:03:37,1
687,Jacob Schreiber,201506,2015-06-24 13:48:08,18
688,Tian Wang,201506,2015-06-24 11:22:01,1
689,Louis Tiao,201506,2015-06-15 16:17:28,3
690,Christophe Bourguignat,201506,2015-06-13 00:12:18,5
691,Frank C. Eckert,201506,2015-06-11 20:04:05,1
692,Jungkook Park,201506,2015-06-08 16:48:16,1
693,Daniel Kronovet,201506,2015-06-07 19:42:14,3
694,Jaidev Deshpande,201506,2015-06-05 19:41:20,1
695,Shivan Sornarajah,201506,2015-06-04 22:05:49,1
696,Joe Jevnik,201506,2015-06-01 16:08:31,2
697,Joshua Loyal,201506,2015-06-01 12:56:03,3
698,tokoroten,201505,2015-05-28 15:43:02,5
699,martinosorb,201505,2015-05-27 17:46:00,5
700,Arthur Mensch,201505,2015-05-27 14:19:00,9
701,Alexey Grigorev,201505,2015-05-24 17:03:45,1
702,Sonny Hu,201505,2015-05-23 16:49:42,2
703,Tiago Freitas Pereira,201505,2015-05-23 13:34:47,1
704,Dmitry Spikhalskiy,201505,2015-05-15 05:26:57,1
705,Peter Fischer,201505,2015-05-07 15:48:06,7
706,Zac Stewart,201505,2015-05-05 11:20:08,1
707,Kian Ho,201505,2015-05-03 04:09:31,5
708,Maxim Kolganov,201505,2015-05-01 18:06:40,2
709,TomDLT,201504,2015-04-30 18:48:52,23
710,Ando Saabas,201504,2015-04-30 18:07:22,1
711,scls19fr,201504,2015-04-27 14:13:31,2
712,Brett Naul,201504,2015-04-24 10:40:55,3
713,Anthony Erlinger,201504,2015-04-18 05:55:21,5
714,Steven Seguin,201504,2015-04-14 21:33:42,4
715,sseg,201504,2015-04-14 20:10:37,1
716,Cory Lorenz,201504,2015-04-14 15:18:44,2
717,jfraj,201504,2015-04-14 11:12:57,3
718,Brian McFee,201504,2015-04-13 11:12:53,2
719,Omer Katz,201504,2015-04-11 12:07:34,1
720,Hsuan-Tien Lin,201504,2015-04-09 16:53:48,8
721,Martin Spacek,201504,2015-04-09 12:00:29,2
722,zhai_pro,201504,2015-04-07 01:29:27,4
723,Preston Parry,201504,2015-04-04 20:55:06,11
724,Michael Heilman,201504,2015-04-02 18:21:21,3
725,Konstantin Shmelkov,201504,2015-04-02 11:56:36,1
726,Tim Head,201504,2015-04-02 11:51:30,43
727,David,201504,2015-04-02 11:17:22,1
728,Ali Baharev,201503,2015-03-30 22:17:39,1
729,Jack Martin,201503,2015-03-30 10:31:53,2
730,Sam Zhang,201503,2015-03-30 03:14:30,1
731,Christoph Gohlke,201503,2015-03-28 01:27:48,1
732,Boyuan Deng,201503,2015-03-18 20:26:24,6
733,akitty,201503,2015-03-15 01:36:29,1
734,sinhrks,201503,2015-03-14 09:00:29,3
735,Ari Rouvinen,201503,2015-03-09 15:19:01,1
736,Joseph,201503,2015-03-07 15:01:09,2
737,Ben Davies,201503,2015-03-05 13:49:18,1
738,Stefan Otte,201503,2015-03-05 11:58:05,1
739,Martin Ku,201503,2015-03-04 14:50:40,3
740,Barmaley.exe,201503,2015-03-03 02:26:49,12
741,Vinayak Mehta,201503,2015-03-02 05:26:44,20
742,Wei Xue,201503,2015-03-01 17:23:05,9
743,terrycojones,201502,2015-02-28 19:52:40,1
744,Hasil Sharma,201502,2015-02-25 14:16:24,1
745,Eric Martin,201502,2015-02-23 21:49:17,1
746,Hanna Wallach,201502,2015-02-23 16:39:33,2
747,Celeo,201502,2015-02-20 22:54:53,1
748,Harry Mavroforakis,201502,2015-02-17 20:30:23,2
749,Christof Angermueller,201502,2015-02-16 21:48:35,3
750,chebee7i,201502,2015-02-16 18:34:19,1
751,David D Lowe,201502,2015-02-16 17:32:06,3
752,ugurcaliskan,201502,2015-02-13 10:41:49,2
753,Saket Choudhary,201502,2015-02-08 11:04:47,5
754,gwulfs,201502,2015-02-04 14:18:41,4
755,Hampus Bengtsson,201501,2015-01-30 13:05:40,1
756,Herve Bredin,201501,2015-01-29 22:32:00,8
757,bhsu,201501,2015-01-29 20:54:12,2
758,Mehdi Cherti,201501,2015-01-29 20:09:48,1
759,Michael J Bommarito II,201501,2015-01-29 19:46:24,2
760,Mario Michael Krell,201501,2015-01-27 19:23:55,1
761,ngoix,201501,2015-01-26 16:05:27,1
762,rasbt,201501,2015-01-26 00:33:44,13
763,Hugues SALAMIN,201501,2015-01-23 11:43:54,1
764,Cathy Deng,201501,2015-01-22 22:20:33,1
765,Mateusz Susik,201501,2015-01-21 12:48:22,1
766,Yan Yi,201501,2015-01-19 02:44:36,2
767,Christopher Erick Moody,201501,2015-01-14 17:15:06,1
768,Jonathan Helmus,201501,2015-01-13 14:37:30,1
769,Wu Jiang,201501,2015-01-12 14:04:29,1
770,Pratap Vardhan,201501,2015-01-11 13:22:28,2
771,Erich Schubert,201501,2015-01-10 19:40:28,3
772,Daniel Galvez,201501,2015-01-07 13:03:10,6
773,tttthomasssss,201501,2015-01-06 17:05:24,1
774,Andreas van Cranenburgh,201501,2015-01-02 22:44:21,1
775,wadawson,201412,2014-12-31 10:51:13,1
776,Lars,201412,2014-12-27 13:54:09,28
777,Randall Mason,201412,2014-12-25 15:18:33,1
778,Bernardo Vecchia Stein,201412,2014-12-24 15:59:02,1
779,Helder,201412,2014-12-24 13:58:37,1
780,Sylvain Zimmer,201412,2014-12-24 00:07:18,2
781,Lukas Michelbacher,201412,2014-12-18 13:36:12,3
782,Brian Wignall,201412,2014-12-13 09:14:47,1
783,Aldrian Obaja,201412,2014-12-11 16:25:31,1
784,Jeff Hammerbacher,201412,2014-12-10 18:33:45,2
785,sethdandridge,201412,2014-12-04 15:45:55,1
786,dsullivan7,201412,2014-12-03 17:15:49,5
787,Boris Feld,201412,2014-12-01 14:22:26,1
788,David Fletcher,201411,2014-11-30 14:31:22,1
789,gpassino,201411,2014-11-30 13:12:55,1
790,Thomas Delteil,201411,2014-11-30 12:25:58,1
791,Vjacheslav Murashkin,201411,2014-11-30 01:53:22,1
792,Paolo Puggioni,201411,2014-11-29 14:14:12,1
793,Dmitrijs Milajevs,201411,2014-11-29 13:30:54,1
794,Javier López Peña,201411,2014-11-29 11:42:15,3
795,jdcaballero,201411,2014-11-26 11:15:56,1
796,isms,201411,2014-11-25 13:38:56,1
797,banilo,201411,2014-11-21 19:21:55,3
798,Antony Lee,201411,2014-11-21 00:23:13,2
799,Borja Ayerdi,201411,2014-11-20 19:19:40,3
800,snuderl,201411,2014-11-20 11:43:48,1
801,Raghav R V,201411,2014-11-18 04:35:33,113
802,Kevin Markham,201411,2014-11-14 16:14:43,1
803,Loïc Estève,201411,2014-11-14 10:05:34,223
804,Nicola Montecchio,201411,2014-11-06 20:01:17,1
805,Óscar Nájera,201410,2014-10-23 19:21:05,38
806,Manoj Kumar,201410,2014-10-13 01:07:52,55
807,Garrett-R,201410,2014-10-11 22:00:50,2
808,Ian Gilmore,201410,2014-10-10 19:05:24,1
809,Aaron Staple,201410,2014-10-10 16:30:35,1
810,Nicolas,201410,2014-10-09 19:35:23,2
811,Manuel,201409,2014-09-30 15:09:42,1
812,trevorstephens,201409,2014-09-28 13:45:12,35
813,floydsoft,201409,2014-09-26 11:32:29,1
814,Matt Pico,201409,2014-09-25 21:02:00,1
815,Will Lamond,201409,2014-09-23 23:31:02,2
816,queqichao,201409,2014-09-22 18:14:05,4
817,Dan Blanchard,201409,2014-09-20 21:58:42,2
818,Matt Terry,201409,2014-09-19 15:36:12,1
819,akshayah3,201409,2014-09-19 14:39:35,15
820,Akshay,201409,2014-09-19 09:07:34,1
821,x0l,201409,2014-09-19 02:40:41,6
822,danfrankj,201409,2014-09-18 18:21:43,1
823,wangz10,201409,2014-09-12 17:07:22,2
824,Kashif Rasul,201409,2014-09-12 16:52:05,1
825,Dougal J. Sutherland,201409,2014-09-11 02:59:09,5
826,Zichen Wang,201409,2014-09-09 13:20:39,3
827,swu,201409,2014-09-01 11:58:09,16
828,Calvin Giles,201408,2014-08-31 14:44:11,3
829,Saurabh Jha,201408,2014-08-30 03:21:10,2
830,Rahiel Kasim,201408,2014-08-29 16:54:09,2
831,tejesh95,201408,2014-08-25 17:49:25,2
832,Martin,201408,2014-08-21 19:34:23,2
833,Andrew Walker,201408,2014-08-18 20:38:08,2
834,Christian Stade-Schuldt,201408,2014-08-16 00:17:21,1
835,Martin Billinger,201408,2014-08-13 19:25:43,6
836,Kaicheng Zhang,201408,2014-08-13 15:56:47,1
837,Sam Nicholls,201408,2014-08-05 15:17:58,2
838,Okal Billy,201408,2014-08-05 13:55:48,2
839,Anders Aagaard,201408,2014-08-01 09:59:05,2
840,Jatin Shah,201407,2014-07-29 17:18:09,2
841,Benedikt Koehler,201407,2014-07-28 13:30:52,2
842,Hsiang-Fu Yu,201407,2014-07-28 13:22:42,1
843,Rafael Carrascosa,201407,2014-07-25 19:36:33,1
844,Danny Sullivan,201407,2014-07-24 15:07:36,47
845,pvnguyen,201407,2014-07-21 14:44:42,2
846,Giovanni Cherubin,201407,2014-07-18 10:44:49,1
847,lesteve,201407,2014-07-16 17:26:41,12
848,Brent Pedersen,201407,2014-07-16 15:55:48,1
849,Clemens Brunner,201407,2014-07-14 16:51:07,54
850,Laurent Direr,201407,2014-07-14 12:59:43,15
851,Steve Tjoa,201407,2014-07-11 14:21:29,2
852,yelite,201407,2014-07-10 14:48:20,1
853,Lagacherie Matthieu,201407,2014-07-09 18:19:26,1
854,Jan Dlabal,201407,2014-07-09 13:17:34,4
855,Robert Bradshaw,201407,2014-07-09 00:39:19,3
856,MLG,201407,2014-07-06 16:18:32,2
857,Tomas Kazmar,201407,2014-07-03 15:29:39,2
858,Daiki Aminaka,201407,2014-07-02 22:18:30,2
859,Ignacio Rossi,201406,2014-06-25 21:22:03,4
860,Ryan Wang,201406,2014-06-24 23:52:03,1
861,alex,201406,2014-06-23 13:14:09,1
862,kastnerkyle@gmail.com,201406,2014-06-20 13:46:16,1
863,Ronald Phlypo,201406,2014-06-20 12:06:37,2
864,Valentin Haenel,201406,2014-06-19 15:59:04,1
865,Ilambharathi Kanniah,201406,2014-06-16 15:09:17,7
866,Stefan van der Walt,201406,2014-06-15 14:12:28,2
867,Hamzeh Alsalhi,201406,2014-06-10 20:07:10,64
868,Samuel Charron,201406,2014-06-09 16:35:33,2
869,MechCoder,201406,2014-06-07 11:19:23,206
870,Laurent Luce,201406,2014-06-05 15:56:46,1
871,Jelle Zijlstra,201406,2014-06-03 19:34:41,1
872,Chyi-Kwei Yau,201406,2014-06-03 15:58:24,36
873,Max Linke,201406,2014-06-03 12:53:59,3
874,Matthias Feurer,201405,2014-05-28 17:03:48,2
875,staubda,201405,2014-05-27 10:44:58,1
876,Amos Waterland,201405,2014-05-25 13:03:47,4
877,Andrew Clegg,201405,2014-05-25 01:11:15,2
878,Michele Orrù,201405,2014-05-24 11:03:57,1
879,hamsal,201405,2014-05-18 18:45:41,19
880,Matteo Visconti dOC,201405,2014-05-18 12:26:41,18
881,IvicaJovic,201405,2014-05-17 22:28:30,1
882,Pietro Zambelli,201405,2014-05-17 18:41:48,1
883,John,201405,2014-05-15 22:04:55,1
884,Rajat Khanduja,201405,2014-05-15 02:01:03,5
885,Thomas Unterthiner,201405,2014-05-12 19:13:05,34
886,mjbommar,201405,2014-05-11 10:44:06,49
887,t-aft,201405,2014-05-07 13:33:36,1
888,Jean Michel Rouly,201405,2014-05-06 00:25:52,1
889,Matthew Brett,201405,2014-05-04 01:00:37,2
890,Jeffrey Blackburne,201404,2014-04-23 23:21:22,9
891,Andrew Ash,201404,2014-04-21 11:26:00,1
892,Simon Frid,201404,2014-04-19 12:19:36,2
893,Yoshiki Vázquez Baeza,201404,2014-04-17 13:36:16,3
894,sdenton4,201404,2014-04-17 11:09:11,4
895,murad,201404,2014-04-16 14:57:06,3
896,Sebastian Saeger,201404,2014-04-15 15:51:53,17
897,Denis,201404,2014-04-14 18:57:07,1
898,chalmerlowe,201404,2014-04-14 15:02:27,1
899,Alyssa,201404,2014-04-14 14:43:14,4
900,jess010,201404,2014-04-14 14:17:59,2
901,Michael Becker,201404,2014-04-14 11:20:53,3
902,Yung Siang Liau,201404,2014-04-11 22:27:38,2
903,Aaron Schumacher,201404,2014-04-11 18:36:32,8
904,Michael Eickenberg,201404,2014-04-03 08:44:06,10
905,cgohlke,201403,2014-03-29 13:32:48,5
906,Will Myers,201403,2014-03-27 15:18:50,1
907,matrixorz,201403,2014-03-20 23:21:43,1
908,dzikie drożdże,201403,2014-03-20 13:15:53,1
909,pestrickland,201403,2014-03-16 09:44:35,2
910,abhishek thakur,201403,2014-03-13 17:23:24,3
911,Ethan White,201403,2014-03-12 09:17:08,2
912,Oscar Carlsson,201403,2014-03-11 15:22:19,2
913,hamzeh,201403,2014-03-11 09:55:52,3
914,James Yu,201403,2014-03-06 18:47:45,2
915,Kevin P,201403,2014-03-04 15:06:01,1
916,Andrew Tulloch,201403,2014-03-03 12:15:27,4
917,Yoni Ben-Meshulam,201403,2014-03-02 21:47:07,1
918,Allen Riddell,201403,2014-03-02 13:16:54,3
919,kaushik94,201402,2014-02-26 03:05:20,3
920,maheshakya,201402,2014-02-24 10:30:09,80
921,Paweł Mandera,201402,2014-02-19 19:53:24,1
922,Joseph Perla,201402,2014-02-18 19:43:54,1
923,Michael Hanke,201402,2014-02-16 13:38:31,1
924,François Boulogne,201402,2014-02-15 17:24:02,1
925,csytracy,201402,2014-02-14 12:35:06,2
926,Alexander Measure,201402,2014-02-13 20:22:29,1
927,Eduardo Ariño de la Rubia,201402,2014-02-09 18:07:48,1
928,CJ Carey,201402,2014-02-04 16:53:10,18
929,Bryan Lunt,201402,2014-02-04 01:09:49,1
930,hendrik,201402,2014-02-02 12:52:31,1
931,Charles Earl,201401,2014-01-29 09:30:57,1
932,Chen Liu,201401,2014-01-25 11:21:30,6
933,Michal Romaniuk,201401,2014-01-24 18:40:17,1
934,adrinjalali,201401,2014-01-24 15:38:49,1
935,ugurthemaster,201401,2014-01-21 09:19:04,9
936,Stefan Walk,201401,2014-01-20 14:14:26,1
937,DanielWeitzenfeld,201401,2014-01-20 10:02:54,1
938,Florian Wilhelm,201401,2014-01-14 21:51:45,102
939,eltermann,201401,2014-01-13 09:15:18,8
940,ai8rahim,201401,2014-01-12 21:03:11,1
941,bwignall,201401,2014-01-10 23:06:40,8
942,Eddy L O Jansson,201401,2014-01-09 10:57:40,1
943,Peter,201401,2014-01-06 11:07:46,2
944,amormachine,201401,2014-01-04 21:00:09,2
945,LK,201401,2014-01-02 21:47:31,2
946,Erik Shilts,201312,2013-12-27 08:48:01,2
947,Kenta Sato,201312,2013-12-24 21:27:10,1
948,Baptiste Lagarde,201312,2013-12-22 12:42:41,5
949,kowalski87,201312,2013-12-15 12:47:05,2
950,Guilherme Trein,201312,2013-12-08 23:16:23,1
951,Skipper Seabold,201312,2013-12-05 08:40:34,4
952,José Ricardo,201312,2013-12-04 10:52:23,1
953,Vincent Dubourg,201312,2013-12-03 22:22:40,4
954,Ralf Gommers,201311,2013-11-26 23:17:29,4
955,Yury V. Zaytsev,201311,2013-11-26 15:33:53,1
956,Craig Thompson,201311,2013-11-22 11:55:30,1
957,Brian Kearns,201311,2013-11-16 15:01:01,1
958,Nantas Nardelli,201311,2013-11-04 01:11:03,2
959,Manoj-Kumar-S,201311,2013-11-01 01:32:41,57
960,Vijay Ramesh,201310,2013-10-31 12:14:56,1
961,Jorge Cañardo Alastuey,201310,2013-10-29 22:07:46,1
962,Laurent Pierron,201310,2013-10-28 17:07:26,1
963,Nikolay Mayorov,201310,2013-10-23 13:02:08,34
964,Steven Maude,201310,2013-10-22 16:01:17,3
965,john collins,201310,2013-10-21 18:40:37,3
966,Samuel St-Jean,201310,2013-10-18 14:10:01,4
967,Stephan Hoyer,201310,2013-10-15 21:37:03,1
968,Daniele Medri,201310,2013-10-15 10:26:47,1
969,Ankit Agrawal,201310,2013-10-14 14:28:24,7
970,rphlypo,201310,2013-10-10 13:43:57,10
971,Eric Jacobsen,201310,2013-10-09 02:49:32,3
972,samuela,201310,2013-10-04 17:54:05,1
973,Rupesh Kumar Srivastava,201309,2013-09-26 00:52:26,1
974,paulgb,201309,2013-09-21 20:49:05,1
975,untom,201309,2013-09-18 17:02:47,6
976,Untom,201309,2013-09-18 16:38:23,1
977,Sergio Pascual,201309,2013-09-06 15:37:17,5
978,Rohit Sivaprasad,201309,2013-09-04 19:49:14,2
979,John Schmidt,201309,2013-09-02 17:16:00,1
980,balu,201308,2013-08-31 11:04:17,19
981,Erwin Marsi,201308,2013-08-18 19:17:24,3
982,Brooke Osborn,201308,2013-08-17 12:40:28,30
983,Roland Szabo,201308,2013-08-13 16:17:03,2
984,alemagnani,201308,2013-08-08 16:21:33,1
985,Kyle Kelley,201308,2013-08-05 11:34:39,2
986,Karol Pysniak,201308,2013-08-03 18:27:09,3
987,Sturla Molden,201307,2013-07-27 23:16:12,1
988,Yu-Chin,201307,2013-07-25 00:40:41,4
989,Denis A. Engemann,201307,2013-07-22 17:44:30,8
990,har777,201307,2013-07-22 13:14:59,1
991,Denis Engemann,201307,2013-07-22 10:30:13,2
992,John Zwinck,201307,2013-07-16 14:35:33,1
993,Ian Ozsvald,201307,2013-07-10 13:32:11,3
994,sergeyf,201307,2013-07-09 10:32:33,8
995,Sergey Feldman,201307,2013-07-09 08:29:38,3
996,Fazlul Shahriar,201307,2013-07-08 00:19:25,1
997,Tzu-Ming Kuo,201307,2013-07-01 23:57:43,1
998,Issam Laradji,201307,2013-07-01 00:07:50,1
999,uber,201306,2013-06-29 14:37:04,1
1000,Justin Vincent,201306,2013-06-28 21:23:36,19
1001,Rob Speer,201306,2013-06-28 11:32:10,6
1002,Kyle Kastner,201306,2013-06-28 10:31:00,45
1003,Philippe Gervais,201306,2013-06-26 18:47:24,32
1004,Thomas Jarosch,201306,2013-06-22 16:52:19,1
1005,Denton Cockburn,201306,2013-06-22 12:44:41,3
1006,Daniel Velkov,201306,2013-06-15 13:31:04,1
1007,nzer0,201306,2013-06-03 19:34:00,1
1008,Johannes Schönberger,201306,2013-06-03 18:52:45,137
1009,Norbert Crombach,201305,2013-05-28 18:51:05,1
1010,eustache,201305,2013-05-24 15:39:29,95
1011,Ken Geis,201305,2013-05-23 22:53:09,4
1012,James McDermott,201305,2013-05-16 00:32:22,1
1013,Jack Hale,201305,2013-05-15 17:44:06,1
1014,Matthias Ekman,201305,2013-05-13 16:25:54,2
1015,Joshua Vredevoogd,201305,2013-05-08 17:01:25,2
1016,Abhijeet Kolhe,201304,2013-04-29 16:42:18,1
1017,A. Flaxman,201304,2013-04-28 18:21:59,4
1018,Jim Holmström,201304,2013-04-26 11:55:37,10
1019,roman,201304,2013-04-25 18:27:03,1
1020,Kemal Eren,201304,2013-04-21 13:41:28,100
1021,Steve Koch,201304,2013-04-17 20:45:45,1
1022,Kevin Hughes,201304,2013-04-15 13:34:46,1
1023,Imran Haque,201304,2013-04-13 17:38:43,7
1024,Stefano Lattarini,201304,2013-04-11 20:51:28,1
1025,Seamus Abshere,201304,2013-04-10 11:57:21,1
1026,Felix Brockherde,201304,2013-04-09 16:03:52,1
1027,Miroslav Shubernetskiy,201304,2013-04-03 17:49:45,1
1028,Nicolas Trésegnie,201304,2013-04-02 11:38:54,38
1029,Alexander Fabisch,201303,2013-03-22 23:35:45,93
1030,Sergey Karayev,201303,2013-03-21 03:03:38,2
1031,Szabo Roland,201303,2013-03-19 22:48:57,3
1032,draix,201303,2013-03-18 17:39:47,1
1033,Steven De Gryze,201303,2013-03-18 13:51:40,12
1034,Raul Garreta,201303,2013-03-18 13:04:42,7
1035,JakeMick,201303,2013-03-17 21:08:01,1
1036,lqdc,201303,2013-03-14 11:34:41,2
1037,Joel Nothman,201303,2013-03-13 14:47:51,600
1038,Robert McGibbon,201303,2013-03-12 14:23:24,8
1039,jnothman,201303,2013-03-11 08:12:07,97
1040,Justin Pati,201303,2013-03-05 10:44:44,1
1041,jamestwebber,201303,2013-03-04 19:48:10,3
1042,Dougal Sutherland,201302,2013-02-28 12:20:59,4
1043,hrishikeshio,201302,2013-02-25 02:47:53,1
1044,Rafael Cunha de Almeida,201302,2013-02-15 14:53:51,2
1045,Hrishikesh Huilgolkar,201302,2013-02-12 22:03:38,9
1046,FedeV Ubuntu Laptop,201302,2013-02-11 16:10:18,1
1047,Federico Vaggi,201302,2013-02-09 01:01:20,6
1048,Robert Marchman,201302,2013-02-05 20:00:57,18
1049,Diego Molla,201301,2013-01-30 19:00:03,3
1050,Rolando Espinoza La fuente,201301,2013-01-21 22:19:41,2
1051,Bastiaan van den Berg,201301,2013-01-21 21:52:15,2
1052,Martin Luessi,201301,2013-01-15 18:11:25,6
1053,Benjamin Peterson,201301,2013-01-14 17:27:15,1
1054,Naoki Orii,201301,2013-01-14 15:44:12,1
1055,Wei LI,201301,2013-01-11 18:51:58,1
1056,Mikhail Korobov,201301,2013-01-11 05:02:51,34
1057,ApproximateIdentity,201301,2013-01-08 10:45:24,4
1058,Kyle Beauchamp,201301,2013-01-07 17:31:08,12
1059,mr.Shu,201212,2012-12-30 14:36:54,10
1060,Brian Cajes,201212,2012-12-29 22:44:11,6
1061,Scott Dickerson,201212,2012-12-29 00:27:34,3
1062,bob,201212,2012-12-24 14:00:08,1
1063,x006,201212,2012-12-21 14:56:38,1
1064,Alejandro Weinstein,201212,2012-12-21 14:53:36,1
1065,Sebastian Berg,201212,2012-12-10 16:02:23,1
1066,benjamin wilson,201212,2012-12-06 19:09:57,1
1067,Mark Veronda,201212,2012-12-05 17:20:28,2
1068,Doug Coleman,201212,2012-12-01 14:23:47,18
1069,Tiago Nunes,201211,2012-11-30 16:02:00,6
1070,Michael,201211,2012-11-27 16:08:12,20
1071,Andrew Winterman,201211,2012-11-26 13:25:42,18
1072,Eugene Nizhibitsky,201211,2012-11-25 23:23:21,1
1073,Shaun Jackman,201211,2012-11-23 18:20:19,1
1074,Arnaud Joly,201211,2012-11-21 10:07:15,586
1075,Anze,201211,2012-11-14 07:22:38,5
1076,Miroslav Batchkarov,201211,2012-11-12 17:46:20,5
1077,dengemann,201211,2012-11-10 19:42:26,108
1078,Matti Lyra,201211,2012-11-08 18:04:00,5
1079,Daniel Nouri,201211,2012-11-02 15:09:17,20
1080,Corey Lynch,201210,2012-10-30 15:38:00,10
1081,Aymeric Masurelle,201210,2012-10-30 11:33:23,19
1082,leepei,201210,2012-10-28 16:46:32,2
1083,Richard T. Guy,201210,2012-10-27 14:38:10,4
1084,Tadej Janež,201210,2012-10-26 12:19:46,17
1085,Christoph Deil,201210,2012-10-23 12:10:59,1
1086,Pavel,201210,2012-10-13 00:14:48,1
1087,cow,201210,2012-10-12 15:28:55,6
1088,Jacques Kvam,201210,2012-10-09 00:17:56,7
1089,Luis Pedro Coelho,201210,2012-10-03 19:01:15,5
1090,Yann N. Dauphin,201210,2012-10-02 18:12:00,25
1091,syhw,201210,2012-10-02 09:57:28,23
1092,Brian Cheung,201209,2012-09-14 03:00:45,9
1093,Virgile Fritsch,201209,2012-09-13 03:11:46,2
1094,Jochen Wersdörfer,201209,2012-09-06 23:47:11,2
1095,Marko Burjek,201209,2012-09-03 19:25:48,7
1096,kuantkid,201209,2012-09-02 23:07:09,108
1097,Christian Jauvin,201208,2012-08-30 11:51:18,4
1098,buguen,201208,2012-08-27 15:06:06,1
1099,Ludwig Schwardt,201208,2012-08-27 15:05:34,1
1100,Peter Welinder,201208,2012-08-24 16:05:20,2
1101,Francois Savard,201208,2012-08-22 16:04:01,2
1102,Sergio Medina,201208,2012-08-08 15:29:57,2
1103,David Cournapeau,201207,2012-07-25 11:34:04,2
1104,emanuele,201207,2012-07-23 17:19:20,1
1105,Alex Companioni,201207,2012-07-20 16:23:31,1
1106,Bussonnier Matthias,201207,2012-07-16 09:28:28,1
1107,Charles-Pierre Astolfi,201207,2012-07-11 01:47:48,1
1108,John Benediktsson,201207,2012-07-10 15:07:35,11
1109,Florian Hoenig,201206,2012-06-28 11:16:52,3
1110,Kernc,201206,2012-06-10 15:52:30,12
1111,Immanuel Bayer,201206,2012-06-05 22:38:13,41
1112,Dan O'Huiginn,201206,2012-06-04 10:22:28,1
1113,Alexandre Abraham,201205,2012-05-31 09:36:31,10
1114,Hannes Schulz,201205,2012-05-30 16:18:41,2
1115,Daniel Duckworth,201205,2012-05-11 15:35:17,9
1116,duchesnay,201205,2012-05-09 20:13:23,3
1117,Claire Revillet,201205,2012-05-06 12:41:37,1
1118,Roy Hyunjin Han,201205,2012-05-02 13:37:58,2
1119,Rob Zinkov,201205,2012-05-01 22:27:59,38
1120,Alexis Mignon,201205,2012-05-01 20:50:25,40
1121,Edouard DUCHESNAY,201204,2012-04-26 18:33:43,1
1122,Brandyn A. White,201204,2012-04-20 13:44:32,1
1123,Joonas Sillanpää,201204,2012-04-15 16:21:23,3
1124,ibayer,201204,2012-04-10 07:22:06,1
1125,Udi Weinsberg,201203,2012-03-26 12:17:15,1
1126,David Marek,201203,2012-03-18 23:12:51,17
1127,iBayer,201203,2012-03-18 20:53:00,1
1128,Nick Wilson,201203,2012-03-13 11:29:46,7
1129,Subhodeep Moitra,201203,2012-03-12 12:57:32,17
1130,Yannick Schwartz,201203,2012-03-08 14:32:57,26
1131,Scott White,201203,2012-03-07 10:41:36,2
1132,flyingimmidev,201203,2012-03-06 21:07:39,31
1133,fcostin,201202,2012-02-23 23:39:18,9
1134,leonpalafox,201202,2012-02-22 16:22:18,1
1135,Adrien Gaidon,201202,2012-02-14 17:34:54,5
1136,Shiqiao,201202,2012-02-13 16:01:36,1
1137,Brandyn White,201202,2012-02-07 21:12:39,1
1138,Carlos Scheidegger,201202,2012-02-02 19:41:59,1
1139,Jaques Grobler,201201,2012-01-27 15:24:36,394
1140,Charles McCarthy,201201,2012-01-20 15:51:19,2
1141,jansoe,201201,2012-01-19 17:42:11,1
1142,emmanuelle,201201,2012-01-13 00:11:00,4
1143,Michael EICKENBERG,201201,2012-01-05 14:06:15,2
1144,Tiziano Zito,201201,2012-01-05 11:22:26,1
1145,Shiqiao Du,201201,2012-01-02 19:45:59,35
1146,Xinfan Meng,201112,2011-12-24 13:22:36,5
1147,DraXus,201112,2011-12-19 18:29:00,1
1148,draxus,201112,2011-12-19 18:16:51,1
1149,Bala Subrahmanyam Varanasi,201112,2011-12-13 10:38:52,2
1150,Juan Manuel Caicedo Carvajal,201112,2011-12-09 16:49:40,1
1151,Fritsch,201111,2011-11-28 02:24:55,1
1152,Bogdan Trach,201111,2011-11-07 16:49:50,1
1153,Jan Hendrik Metzen,201110,2011-10-12 09:36:20,213
1154,Kenneth C. Arnold,201109,2011-09-25 18:02:11,4
1155,Félix-Antoine Fortin,201109,2011-09-22 14:07:12,6
1156,Andy,201109,2011-09-20 16:42:56,44
1157,Olivier Hervieu,201108,2011-08-30 16:05:57,7
1158,X006,201108,2011-08-23 09:30:18,1
1159,Tim Sheerman-Chase,201108,2011-08-22 10:42:50,5
1160,Jean  KOSSAIFI,201108,2011-08-09 10:51:07,1
1161,bdholt1,201108,2011-08-05 06:17:07,14
1162,Clay Woolam,201108,2011-08-01 17:41:58,68
1163,Varoquaux,201108,2011-08-01 16:27:03,15
1164,Conrad Lee,201107,2011-07-31 18:34:18,39
1165,Salvatore Masecchia,201107,2011-07-29 12:22:43,6
1166,Brian Holt,201107,2011-07-29 12:20:03,184
1167,JeanKossaifi,201107,2011-07-26 10:48:33,3
1168,Gilles Louppe,201107,2011-07-19 11:33:00,942
1169,clay woolam,201107,2011-07-17 21:00:48,35
1170,Minwoo Jake Lee,201107,2011-07-16 10:42:38,2
1171,robertlayton,201107,2011-07-16 00:19:20,8
1172,David Warde-Farley,201107,2011-07-15 11:01:53,21
1173,=,201107,2011-07-12 11:48:30,6
1174,Robert Layton,201107,2011-07-12 11:39:54,222
1175,Jean Kossaifi,201107,2011-07-08 11:50:48,32
1176,Jacob Vanderplas,201106,2011-06-18 08:17:03,6
1177,Vlad Niculae,201106,2011-06-14 23:51:40,294
1178,Robert,201106,2011-06-06 16:32:20,11
1179,Ben Root,201106,2011-06-06 11:32:21,7
1180,Andreas Mueller,201105,2011-05-23 20:43:48,2093
1181,andy,201105,2011-05-22 18:38:37,28
1182,Lucas Wiman,201105,2011-05-20 15:01:36,1
1183,Keith Goodman,201105,2011-05-19 09:44:58,3
1184,Jake Vanderplas,201105,2011-05-13 09:40:35,318
1185,Bryan Silverthorn,201105,2011-05-12 15:14:58,3
1186,Lars Buitinck,201104,2011-04-28 18:04:01,1283
1187,Alexis Metaireau,201104,2011-04-21 10:27:00,7
1188,amueller,201104,2011-04-16 05:44:36,1
1189,unknown,201104,2011-04-11 13:20:43,14
1190,Meng Xinfan,201104,2011-04-06 16:14:37,2
1191,Nelle Varoquaux,201104,2011-04-02 15:32:56,242
1192,Nicolas Pinto,201104,2011-04-01 16:50:44,34
1193,Thouis (Ray) Jones,201104,2011-04-01 16:34:45,4
1194,Pietro Berkes,201104,2011-04-01 15:24:50,22
1195,Julien Miotte,201104,2011-04-01 14:58:24,3
1196,Virgile,201104,2011-04-01 14:51:34,13
1197,Vincent michel,201104,2011-04-01 12:56:38,2
1198,Your Name,201104,2011-04-01 12:54:56,1
1199,Yann Malet,201104,2011-04-01 12:39:23,2
1200,Feth Arezki,201104,2011-04-01 12:03:35,1
1201,Noel Dawe,201103,2011-03-31 10:30:57,188
1202,Amit Aides,201103,2011-03-20 12:59:33,9
1203,Vincent Schut,201103,2011-03-09 14:53:00,8
1204,f0k,201103,2011-03-04 03:18:17,3
1205,GaelVaroquaux,201102,2011-02-14 16:27:38,317
1206,Dan Yamins,201102,2011-02-01 08:45:12,14
1207,mxf,201101,2011-01-20 19:03:23,2
1208,Satrajit Ghosh,201101,2011-01-19 09:50:35,58
1209,Emmanuelle Gouillart,201101,2011-01-17 04:50:30,4
1210,james.bergstra,201101,2011-01-11 21:39:37,17
1211,James Bergstra,201101,2011-01-10 13:10:07,23
1212,Vincent M,201101,2011-01-09 16:01:05,2
1213,Kamel Ibn Hassen Derouiche,201101,2011-01-04 12:50:08,2
1214,Paolo Losi,201012,2010-12-16 12:34:54,38
1215,osdf,201012,2010-12-14 17:44:10,17
1216,Anne-Laure FOUQUE,201012,2010-12-03 14:30:53,1
1217,vene,201011,2010-11-30 18:16:48,493
1218,Anne-Laure Fouque,201011,2010-11-29 15:52:58,2
1219,Alexandre Passos,201011,2010-11-22 08:16:24,87
1220,cjlin,201011,2010-11-05 13:08:59,3
1221,popo,201011,2010-11-05 06:06:34,1
1222,dubourg,201011,2010-11-01 00:44:18,35
1223,pprett,201010,2010-10-19 14:02:31,11
1224,Peter Prettenhofer,201010,2010-10-19 00:00:25,868
1225,Ronan Amicel,201009,2010-09-18 22:47:59,3
1226,Mathieu Blondel,201009,2010-09-14 20:03:49,784
1227,vincent M,201009,2010-09-08 14:10:36,1
1228,bthirion,201009,2010-09-08 10:52:58,76
1229,VirgileFritsch,201009,2010-09-07 11:52:09,72
1230,Matthieu Brucher,201008,2010-08-18 17:12:52,1
1231,Matthieu Perrot,201008,2010-08-11 22:42:47,11
1232,Nico Golde,201008,2010-08-06 10:12:11,1
1233,revilyo,201007,2010-07-27 23:49:52,14
1234,vincent,201007,2010-07-27 11:35:32,25
1235,Edouard Duchesnay,201007,2010-07-27 09:58:34,41
1236,arokem,201007,2010-07-08 12:08:47,1
1237,Ron Weiss,201007,2010-07-02 21:26:57,66
1238,Vincent Michel,201006,2010-06-22 11:30:53,19
1239,Gael varoquaux,201005,2010-05-13 22:07:13,654
1240,Chris Filo Gorgolewski,201005,2010-05-13 14:52:44,2
1241,gvaroquaux,201005,2010-05-05 11:42:04,2
1242,ogrisel,201005,2010-05-03 12:10:37,38
1243,Yaroslav Halchenko,201003,2010-03-24 21:07:28,366
1244,Olivier Grisel,201003,2010-03-03 13:46:28,2288
1245,Michel Vincent,201003,2010-03-03 11:04:06,22
1246,Bertrand Thirion,201003,2010-03-03 10:59:23,9
1247,Alexandre Gramfort,201003,2010-03-02 15:01:46,1078
1248,Jake VanderPlas,201002,2010-02-05 19:37:25,25
1249,Gael Varoquaux,201001,2010-01-08 08:35:18,886
1250,Fabian Pedregosa,201001,2010-01-05 13:26:32,1674
